CREATE DATABASE OLX2
ON
(
NAME = OLX_DAT,
FILENAME = 'C:\SBD\OLX2_DAT.MDF',
SIZE = 20,
FILEGROWTH = 2,
MAXSIZE = 50
)
LOG ON
(
NAME = OLX_LOG,
FILENAME = 'C:\SBD\OLX2_LOG.LDF',
SIZE = 10,
FILEGROWTH = 1,
MAXSIZE = 25
)



CREATE TABLE USER_OLX
(
ID_USER CHAR(5) PRIMARY KEY NOT NULL,
NAMA VARCHAR (30) not null,
EMAIL VARCHAR (30) CHECK(EMAIL LIKE '%@%.%') UNIQUE ,
TELEPON VARCHAR(12),
FOTO_PROFIL VARBINARY(MAX)
)

CREATE TABLE KATEGORI 
(
ID_KATEGORI CHAR(5) PRIMARY KEY NOT NULL,
KATEGORI VARCHAR(30)
)

CREATE TABLE JENIS_KATEGORI 
(
ID_JENIS_KATEGORI CHAR(5) PRIMARY KEY NOT NULL,
SUBKATEGORI VARCHAR(30),
ID_KATEGORI CHAR (5) CONSTRAINT FK_JENIS_KATEGORI_ID_KATEGORI FOREIGN KEY REFERENCES KATEGORI(ID_KATEGORI)
)

CREATE TABLE IKLAN
(
ID_IKLAN CHAR(5) PRIMARY KEY NOT NULL,
ID_PENJUAL CHAR(5) CONSTRAINT FK_PENGIKLANAN_ID_USER FOREIGN KEY REFERENCES USER_OLX(ID_USER),
JUDUL_IKLAN VARCHAR (25), 
HARGA INT,
DESKRIPSI VARCHAR (200),
FOTO VARBINARY(MAX),
WILAYAH VARCHAR (50),
)

CREATE TABLE DETAIL_IKLAN
(
ID_DETAIL_IKLAN CHAR(5) PRIMARY KEY NOT NULL,
ID_IKLAN CHAR(5) CONSTRAINT FK_DETAIL_IKLAN_IKLAN FOREIGN KEY REFERENCES IKLAN(ID_IKLAN),
ID_MOBIL CHAR(5) CONSTRAINT FK_DETAIL_IKLAN_MOBIL FOREIGN KEY REFERENCES MOBIL(ID_MOBIL),
ID_MOTOR CHAR(5) CONSTRAINT FK_DETAIL_IKLAN_MOTOR FOREIGN KEY REFERENCES MOTOR(ID_MOTOR),
ID_JASA_LOWONGAN_KERJA CHAR(5) CONSTRAINT FK_DETAIL_IKLAN_JASA_LOWONGAN_KERJA FOREIGN KEY REFERENCES JASA_LOWONGAN_KERJA(ID_JASA_LOWONGAN_KERJA),
ID_ELEKTRONIK_GADGET CHAR(5) CONSTRAINT FK_DETAIL_IKLAN_ELEKTRONIK_GADGET FOREIGN KEY REFERENCES ELEKTRONIK_GADGET(ID_ELEKTRONIK_GADGET),
ID_HOBI_OLAHRAGA CHAR(5) CONSTRAINT FK_DETAIL_IKLAN_HOBI_OLAHRAGA FOREIGN KEY REFERENCES HOBI_OLAHRAGA(ID_HOBI_OLAHRAGA),
ID_RUMAH_TANGGA CHAR(5) CONSTRAINT FK_DETAIL_IKLAN_RUMAH_TANGGA FOREIGN KEY REFERENCES RUMAH_TANGGA(ID_RUMAH_TANGGA),
ID_KEPERLUAN_PRIBADI CHAR(5) CONSTRAINT FK_DETAIL_IKLAN_KEPERLUAN_PRIBADI FOREIGN KEY REFERENCES KEPERLUAN_PRIBADI(ID_KEPERLUAN_PRIBADI),
ID_PERLENGKAPAN_BAYI_ANAK CHAR(5) CONSTRAINT FK_DETAIL_IKLAN_PERLENGKAPAN_BAYI_ANAK FOREIGN KEY REFERENCES PERLENGKAPAN_BAYI_ANAK(ID_PERLENGKAPAN_BAYI_ANAK),
ID_KANTOR_INDUSTRI CHAR(5) CONSTRAINT FK_DETAIL_IKLAN_KANTOR_INDUSTRI FOREIGN KEY REFERENCES KANTOR_INDUSTRI(ID_KANTOR_INDUSTRI),
)

CREATE TABLE MOBIL
(
ID_MOBIL CHAR (5) PRIMARY KEY NOT NULL,
ID_JENIS_KATEGORI CHAR(5) CONSTRAINT FK_MOBIL_ID_JENIS_KATEGORI FOREIGN KEY REFERENCES JENIS_KATEGORI(ID_JENIS_KATEGORI),
MERK_MOBIL VARCHAR (20),
TAHUN_MOBIL CHAR(4),
JARAK_TEMPUH VARCHAR (20),
TIPE_BAHAN_BAKAR VARCHAR(20),
WARNA_MOBIL VARCHAR (20),
TRANSMISI_MOBIL VARCHAR (20),
NAMA_BURSA_MOBIL VARCHAR(30),
FITUR_TAMBAHAN_MOBIL VARCHAR (30),
TIPE_PENJUAL_MOBIL VARCHAR(30),
KONDISI_BARANG VARCHAR(30)
)

CREATE TABLE PROPERTI 
(
ID_PROPERTI CHAR(5) PRIMARY KEY NOT NULL,
ID_JENIS_KATEGORI CHAR(5) CONSTRAINT FK_PROPERTI_ID_JENIS_KATEGORI FOREIGN KEY REFERENCES JENIS_KATEGORI(ID_JENIS_KATEGORI),
TIPE_PROPERTI VARCHAR (30),
LUAS_BANGUNAN VARCHAR (30),
LUAS_TANAH VARCHAR (30),
KAMAR_TIDUR VARCHAR (30),
KAMAR_MANDI VARCHAR(5),
LANTAI VARCHAR(5),
FASILITAS VARCHAR (30),
SERTIFIKASI VARCHAR (30),
ALAMAT_LOKASI VARCHAR (30)
)

CREATE TABLE MOTOR 
(
ID_MOTOR CHAR (5) PRIMARY KEY NOT NULL,
ID_JENIS_KATEGORI CHAR(5) CONSTRAINT FK_MOTOR_ID_JENIS_KATEGORI FOREIGN KEY REFERENCES JENIS_KATEGORI(ID_JENIS_KATEGORI),
MERK_MOTOR VARCHAR (20),
TAHUN_MOTOR CHAR(4),
JARAK_TEMPUH VARCHAR (20),
TIPE_PENJUAL_MOTOR VARCHAR(30),
KONDISI_BARANG VARCHAR (30)
)

CREATE TABLE JASA_LOWONGAN_KERJA 
(
ID_JASA_LOWONGAN_KERJA CHAR(5) PRIMARY KEY NOT NULL,
ID_JENIS_KATEGORI CHAR(5) CONSTRAINT FK_JASA_LOWONGAN_KERJA_ID_JENIS_KATEGORI FOREIGN KEY REFERENCES JENIS_KATEGORI(ID_JENIS_KATEGORI),
JABATAN VARCHAR (30),
GAJI_DARI INT,
GAJI_SAMPAI INT,
TIPE_JASA VARCHAR(30)
)

CREATE TABLE ELEKTRONIK_GADGET (
ID_ELEKTRONIK_GADGET CHAR(5) PRIMARY KEY NOT NULL,
ID_JENIS_KATEGORI CHAR(5) CONSTRAINT FK_ELEKTRONIK_GADGET_ID_JENIS_KATEGORI FOREIGN KEY REFERENCES JENIS_KATEGORI(ID_JENIS_KATEGORI),
MERK VARCHAR (30),
TIPE_AKSESORIS VARCHAR (30),
TIPE_FOTOGRAFI VARCHAR(30),
TIPE_PERALATAN_RUMAH_TANGGA VARCHAR (30),
TIPE_GAMES_CONSOLE VARCHAR (30),
TIPE_KOMPUTER VARCHAR (30),
TIPE_TV_AUDIO_VIDEO VARCHAR (30),
KONDISI VARCHAR(30)
)

CREATE TABLE HOBI_OLAHRAGA 
(
ID_HOBI_OLAHRAGA CHAR(5) PRIMARY KEY NOT NULL,
ID_JENIS_KATEGORI CHAR(5) CONSTRAINT FK_HOBI_OLAHRAGA_ID_JENIS_KATEGORI FOREIGN KEY REFERENCES JENIS_KATEGORI(ID_JENIS_KATEGORI),
TIPE_ALAT_MUSIK VARCHAR (30),
TIPE_SEPEDA_AKSESORIS VARCHAR (30),
TIPE_HANDICRAFTS VARCHAR (30),
TIPE_KOLEKSI VARCHAR (30),
TIPE_MAINAN_HOBI VARCHAR (30),
TIPE_HEWAN_PELIHARAAN VARCHAR (30),
KONDISI VARCHAR (30)
)

CREATE TABLE RUMAH_TANGGA
(
ID_RUMAH_TANGGA CHAR(5) PRIMARY KEY NOT NULL,
ID_JENIS_KATEGORI CHAR(5) CONSTRAINT FK_RUMAH_TANGGA_ID_JENIS_KATEGORI FOREIGN KEY REFERENCES JENIS_KATEGORI(ID_JENIS_KATEGORI),
TIPE_PERLENGKAPAN_RUMAH VARCHAR (30),
KONDISI VARCHAR (30)
)

CREATE TABLE KEPERLUAN_PRIBADI
(
ID_KEPERLUAN_PRIBADI CHAR(5) PRIMARY KEY NOT NULL,
ID_JENIS_KATEGORI CHAR(5) CONSTRAINT FK_KEPERLUAN_PRIBADI_ID_JENIS_KATEGORI FOREIGN KEY REFERENCES JENIS_KATEGORI(ID_JENIS_KATEGORI),
TIPE_FASHION_WANITA VARCHAR (30),
TIPE_FASHION_PRIA VARCHAR (30),
TIPE_JAM_TANGAN VARCHAR (30),
TIPE_PERHIASAAN VARCHAR (30),
TIPE_MAKEUP_PARFUM VARCHAR (30),
TIPE_PERAWATAN VARCHAR (30),
KONDISI VARCHAR (30)
)

CREATE TABLE PERLENGKAPAN_BAYI_ANAK
(
ID_PERLENGKAPAN_BAYI_ANAK CHAR(5) PRIMARY KEY NOT NULL,
ID_JENIS_KATEGORI CHAR(5) CONSTRAINT FK_PERLENGKAPAN_BAYI_ANAK_ID_JENIS_KATEGORI FOREIGN KEY REFERENCES JENIS_KATEGORI(ID_JENIS_KATEGORI),
KONDISI VARCHAR (30),
)

CREATE TABLE KANTOR_INDUSTRI
(
ID_KANTOR_INDUSTRI CHAR(5) PRIMARY KEY NOT NULL,
ID_JENIS_KATEGORI CHAR(5) CONSTRAINT FK_KANTOR_INDUSTRI_ID_JENIS_KATEGORI FOREIGN KEY REFERENCES JENIS_KATEGORI(ID_JENIS_KATEGORI),
TIPE_PERALATAN_KANTOR VARCHAR (30),
KONDISI VARCHAR (30),
)

--------KATEGORI
insert into KATEGORI
values ('K0001', 'MOBIL')
insert into KATEGORI
values ('K0002', 'PROPERTI ')
insert into KATEGORI
values ('K0003', 'MOTOR')
insert into KATEGORI
values ('K0004', 'JASA LOWONGAN KERJA ')
insert into KATEGORI
values ('K0005', 'ELEKTRONIK GADGET')
insert into KATEGORI
values ('K0006', 'HOBI & OLAHRAGA')
insert into KATEGORI
values ('K0007', 'RUMAH TANGGA')
insert into KATEGORI
values ('K0008', 'KEPERLUAN PRIBADI')
insert into KATEGORI
values ('K0009', 'PERLENGKAPAN BAYI ANAK')
insert into KATEGORI
values ('K0010', 'KANTOR INDUSTRI')



--------JENIS KATEGORI MOBIL

insert into JENIS_KATEGORI values
('S0001', 'MOBIL BEKAS','K0001'),
('S0002', 'AKSESORIS','K0001'),
('S0003', 'AUDIO MOBIL','K0001'),
('S0004', 'SPARE PART','K0001'),
('S0005', 'VELG & BAN','K0001'),
('S0006', 'TRUK & KENDARAAN KOMERSIAL','K0001')

--------JENIS KATEGORI PORPERTI

insert into JENIS_KATEGORI values
('S0007', 'DIJUAL : RUMAH & APARTERMEN','K0002'),
('S0008', 'DISEWAKAN : RUMAH & APARTERMEN','K0002'),
('S0009', 'TANAH','K0002'),
('S0010', 'INDEKOST','K0002'),
('S0011', 'DIJUAL : BANGUNAN KOMERSIAL','K0002'),
('S0012', 'DISEWAKAN : BANGUNAN KOMERSIAL','K0002')

--------JENIS KATEGORI MOTOR

insert into JENIS_KATEGORI values
('S0013', 'MOTOR BEKAS','K0003'),
('S0014', 'AKSESORIS','K0003'),
('S0015', 'HELM','K0003'),
('S0016', 'SPARE PART','K0003')

--------JENIS KATEGORI JASA & LOWONGAN KERJA

insert into JENIS_KATEGORI values
('S0017', 'LOWONGAN','K0004'),
('S0018', 'CARI PEKERJAAN','K0004'),
('S0019', 'JASA','K0004')

--------JENIS KATEGORI ELEKTRONIK & GADGET

insert into JENIS_KATEGORI values
('S0020', 'HANDPHONE','K0005'),
('S0021', 'TABLET','K0005'),
('S0022', 'AKSESORIS HP & TABLET','K0005'),
('S0023', 'FOTOGRAFI','K0005'),
('S0024', 'ELEKTRONIK RUMAH TANGGA','K0005'),
('S0025', 'GAME & CONSOLE','K0005'),
('S0026', 'KOMPUTER','K0005'),
('S0027', 'LAMPU','K0005'),
('S0028', 'TV & AUDIO, VIDEO','K0005')

--------JENIS KATEGORI HOBY & OLAHRAGA

insert into JENIS_KATEGORI values
('S0029', 'ALAT - ALAT MUSIK','K0006'),
('S0030', 'OLAHRAGA','K0006'),
('S0031', 'SEPEDA & AKSESORIS','K0006'),
('S0032', 'HANDICRAFT','K0006'),
('S0033', 'BARANG ANTIK','K0006'),
('S0034', 'BUKU & MAJALAH','K0006'),
('S0035', 'KOLEKSI','K0006'),
('S0036', 'MAINAN HOBI','K0006'),
('S0037', 'MUSIK & FILM','K0006'),
('S0038', 'HEWAN PELIHARAAN','K0006')

--------JENIS KATEGORI RUMAH TANGGA

insert into JENIS_KATEGORI values
('S0039', 'MAKANAN & MINUMAN','K0007'),
('S0040', 'MEBEL','K0007'),
('S0041', 'DEKORASI RUMAH','K0007'),
('S0042', 'KONSTRUKSI & TAMAN','K0007'),
('S0043', 'JAM','K0007'),
('S0044', 'LAMPU','K0007'),
('S0045', 'PERLENGKAPAN RUMAH','K0007'),
('S0046', 'LAIN - LAIN','K0007')

--------JENIS KATEGORI KEPERLUAN PRIBADI

insert into JENIS_KATEGORI values
('S0047', 'FASHION WANITA','K0008'),
('S0048', 'FASHION PRIA','K0008'),
('S0049', 'JAM TANGAN','K0008'),
('S0050', 'PAKAIAN OLAHRAGA','K0008'),
('S0051', 'PERHIASAN','K0008'),
('S0052', 'MAKE UP & PARFUM','K0008'),
('S0053', 'TERAPI DAN PENGOBATAN','K0008'),
('S0054', 'PERAWATAN','K0008'),
('S0055', 'NUTRISI & SUPLEMEN','K0008'),
('S0056', 'LAINNYA','K0008')

--------JENIS KATEGORI PERLENGKAPAN BAYI & ANAK

insert into JENIS_KATEGORI values
('S0057', 'PAKAIAN','K0009'),
('S0058', 'PERLENGKAPAN BAYI','K0009'),
('S0059', 'PERLENGKAPAN IBU BAYI','K0009'),
('S0060', 'BONEKA & MAINAN ANAK','K0009'),
('S0061', 'BUKU ANAK - ANAK','K0009'),
('S0062', 'LAIN - LAIN','K0009')

--------JENIS KATEGORI KANTOR & INDUSTRI
insert into JENIS_KATEGORI values
('S0064', 'PERLENGKAPAN KANTOR','K0010'),
('S0065', 'PERLENGKAPAN USAHA','K0010'),
('S0066', 'MESIN & KEPERLUAN USAHA','K0010'),
('S0067', 'STATIONERY','K0010'),
('S0068', 'LAIN - LAIN','K0010')

------------MOBIL

insert into MOBIL values
('M0001', 'S0001','AUDI', '2019', '1000 M', 'BENSIN','BIRU', 'MANUAL','BURSA OTOMOTIF CENTER','SENSOR PARKIR', 'INDIVIDU',NULL),
('M0002', 'S0001','BMW', '2019', '10000 M', 'BENSIN','PUTIH', 'MATIC','BURSA MOBIL BINTARO','GPS', 'DILLER',NULL)
INSERT INTO MOBIL (ID_MOBIL,ID_JENIS_KATEGORI,KONDISI_BARANG) VALUES 
( 'M0003', 'S0002','BEKAS'),
( 'M0004', 'S0002','BARU')
INSERT INTO MOBIL (ID_MOBIL,ID_JENIS_KATEGORI,KONDISI_BARANG) VALUES 
( 'M0005', 'S0003','BEKAS'),
( 'M0006', 'S0003','BARU'),
( 'M0007', 'S0004','BEKAS'),
( 'M0008', 'S0004','BARU'),
( 'M0009', 'S0005','BEKAS'),
( 'M0010', 'S0005','BARU')
insert into MOBIL values
('M0011', 'S0006','HINO', '2008', '100000 M', 'DIESEL','BIRU', 'MANUAL','BURSA OTOMOTIF CENTER','SENSOR PARKIR', 'INDIVIDU',NULL),
('M0012', 'S0006','FUSO', '2014', '103000 M', 'BENSIN','PUTIH', 'MANUAL','BURSA MOBIL KALBAR','GPS', 'INDIVIDU',NULL)


------------PROPERTI
INSERT INTO PROPERTI VALUES 
('P0001', 'S0007','APARTEMEN', '6 X 7', '50 M', '4','1', '1','LIFT','HGB', 'YOGYAKARTA'),
('P0002', 'S0007','RUMAH', '8 X 7', '500 M', '5','2', '2','KOLAM RENANG','SHM', 'SENTURAN'),
('P0003', 'S0008','APARTEMEN', '5 X 5', '10 M', '1','1', '6','AC','SHM', 'CANDI GEBANG'),
('P0004', 'S0008','RUMAH', '9 X 7', '50 M', '2','1', '1','MINI BAR','HGM', 'MINOMARTANI')
INSERT INTO PROPERTI (ID_PROPERTI,ID_JENIS_KATEGORI,LUAS_TANAH,SERTIFIKASI,ALAMAT_LOKASI) VALUES 
('P0005', 'S0009','10 HEKTAR','SHM','JANTI'),
('P0006', 'S0009','50 HEKTAR','SHM','KALASAN')
INSERT INTO PROPERTI (ID_PROPERTI,ID_JENIS_KATEGORI,LUAS_TANAH,KAMAR_MANDI,ALAMAT_LOKASI) VALUES 
('P0007', 'S0010','4 X 3 M','1','NUSA INDAH'),
('P0008', 'S0010','5 X 3 M','1','MAGUWO')
INSERT INTO PROPERTI (ID_PROPERTI,ID_JENIS_KATEGORI,LUAS_BANGUNAN,LUAS_TANAH,SERTIFIKASI,ALAMAT_LOKASI) VALUES 
('P0009', 'S0011','10 X 5 M','20 M','SHM','GUNUNG KIDUL'),
('P0010', 'S0011','9 X 6 M','15 M','PPJB','MONJALI')
INSERT INTO PROPERTI (ID_PROPERTI,ID_JENIS_KATEGORI,LUAS_BANGUNAN,LUAS_TANAH,SERTIFIKASI,ALAMAT_LOKASI) VALUES 
('P0011', 'S0012','20 X 11 M','25 M','SMH','GUNUNG KIDUL'),
('P0012', 'S0012','9 X 15 M','30 M','HGB','MONJALI')

------------MOTOR
INSERT INTO MOTOR VALUES 
('m0013', 'S0013','VXION', '2017', '10000', 'INDIVIDU',NULL),
('m0014', 'S0013','CBR', '2018', '50000', 'DILER',NULL)
INSERT INTO MOTOR(ID_MOTOR,ID_JENIS_KATEGORI,KONDISI_BARANG) VALUES 
('m0015', 'S0014','BEKAS'),
('m0016', 'S0014','BARU'),
('m0017', 'S0015','BARU'),
('m0018', 'S0015','BEKAS'),
('m0019', 'S0016','BARU'),
('m0020', 'S0016','BEKAS')

------------JASA & LOWONGAN KERJA
INSERT INTO JASA_LOWONGAN_KERJA VALUES
('L0001', 'S0016','MANAGER','5000000','13000000',NULL),
('L0002', 'S0016','ADMINISTRASI','2000000','6000000',NULL)
INSERT INTO JASA_LOWONGAN_KERJA(ID_JASA_LOWONGAN_KERJA,ID_JENIS_KATEGORI,TIPE_JASA) VALUES
('L0003', 'S0017','DATA SINCE'),
('L0004', 'S0017','IT KONSULTAN')
INSERT INTO JASA_LOWONGAN_KERJA(ID_JASA_LOWONGAN_KERJA,ID_JENIS_KATEGORI,TIPE_JASA) VALUES
('L0005', 'S0018','RENTAL MOBIL'),
('L0006', 'S0018','DESAIN')

------------ELEKTRONIS & GADGET
INSERT INTO ELEKTRONIK_GADGET(ID_ELEKTRONIK_GADGET,ID_JENIS_KATEGORI,MERK,KONDISI) VALUES
('E0001','S0020','APPLE','BARU'),
('E0002','S0020','XIOMI','BEKAS'),
('E0003','S0021','SAMSUNG','BEKAS'),
('E0004','S0021','ASUS','BARU')
INSERT INTO ELEKTRONIK_GADGET(ID_ELEKTRONIK_GADGET,ID_JENIS_KATEGORI,TIPE_AKSESORIS,KONDISI) VALUES
('E0005','S0022','BATERAI','BEKAS'),
('E0006','S0022','CASING','BARU')
INSERT INTO ELEKTRONIK_GADGET(ID_ELEKTRONIK_GADGET,ID_JENIS_KATEGORI,TIPE_FOTOGRAFI,KONDISI) VALUES 
('E0007','S0023','KAMERA DSLR','BARU'),
('E0008','S0023','LENSA','BEKAS')
INSERT INTO ELEKTRONIK_GADGET(ID_ELEKTRONIK_GADGET,ID_JENIS_KATEGORI,TIPE_PERALATAN_RUMAH_TANGGA,KONDISI) VALUES 
('E0009','S0024','MESIN CUCI','BEKAS'),
('E0010','S0024','KULKAS','BARU')
INSERT INTO ELEKTRONIK_GADGET(ID_ELEKTRONIK_GADGET,ID_JENIS_KATEGORI,TIPE_GAMES_CONSOLE,KONDISI) VALUES
('E0011','S0025','PORTABLE','BARU'),
('E0012','S0025','GAMES','BEKAS')
INSERT INTO ELEKTRONIK_GADGET(ID_ELEKTRONIK_GADGET,ID_JENIS_KATEGORI,TIPE_KOMPUTER,KONDISI) VALUES
('E0013','S0026','LAPTOP','BEKAS'),
('E0014','S0026','MONITOR','BARU')
INSERT INTO ELEKTRONIK_GADGET(ID_ELEKTRONIK_GADGET,ID_JENIS_KATEGORI,TIPE_TV_AUDIO_VIDEO,KONDISI) VALUES
('E0015','S0028','TELEVISI','BARU'),
('E0016','S0028','ANTENAN','BEKAS')

------------HOBI & OLAHRAGA
INSERT INTO HOBI_OLAHRAGA(ID_HOBI_OLAHRAGA,ID_JENIS_KATEGORI,TIPE_ALAT_MUSIK,KONDISI) VALUES
('H0001','S0029','GITAR','BEKAS'),
('H0002','S0029','PIANO','BARU')
INSERT INTO HOBI_OLAHRAGA(ID_HOBI_OLAHRAGA,ID_JENIS_KATEGORI,TIPE_SEPEDA_AKSESORIS,KONDISI) VALUES
('H0003','S0031','GUNUNG','BEKAS'),
('H0004','S0031','LIPAT','BARU')
INSERT INTO HOBI_OLAHRAGA(ID_HOBI_OLAHRAGA,ID_JENIS_KATEGORI,TIPE_HANDICRAFTS,KONDISI) VALUES
('H0005','S0032','LOGAM','BEKAS'),
('H0006','S0032','BAHAN DAUR ULANG','BARU')
INSERT INTO HOBI_OLAHRAGA(ID_HOBI_OLAHRAGA,ID_JENIS_KATEGORI,TIPE_KOLEKSI,KONDISI) VALUES
('H0007','S0035','PIRINGAN HITAM','BEKAS'),
('H0008','S0035','ANIME','BARU')
INSERT INTO HOBI_OLAHRAGA(ID_HOBI_OLAHRAGA,ID_JENIS_KATEGORI,TIPE_MAINAN_HOBI,KONDISI) VALUES
('H0009','S0036','REMOT KONTROL','BEKAS'),
('H0010','S0036','ACTION FIGURE','BARU')
INSERT INTO HOBI_OLAHRAGA(ID_HOBI_OLAHRAGA,ID_JENIS_KATEGORI,TIPE_HEWAN_PELIHARAAN) VALUES
('H0011','S0037','KUCING'),
('H0012','S0037','BURUNG')

------------RUMAH TANGGA
INSERT INTO RUMAH_TANGGA VALUES
('R0001','S0045','KAMAR MANDI','BEKAS'),
('R0002','S0045','PERLENGKAPAN MAKAN','BARU')

------------KEPERLUAN PRIBADI
INSERT INTO KEPERLUAN_PRIBADI(ID_KEPERLUAN_PRIBADI,ID_JENIS_KATEGORI,TIPE_FASHION_WANITA,KONDISI) VALUES
('K0001','S0047','ROK','BEKAS'),
('K0002','S0047','DRESS','BARU')
INSERT INTO KEPERLUAN_PRIBADI(ID_KEPERLUAN_PRIBADI,ID_JENIS_KATEGORI,TIPE_FASHION_PRIA,KONDISI) VALUES
('K0003','S0048','SEPATU','BEKAS'),
('K0004','S0048','JAKET','BARU')
INSERT INTO KEPERLUAN_PRIBADI(ID_KEPERLUAN_PRIBADI,ID_JENIS_KATEGORI,TIPE_JAM_TANGAN,KONDISI) VALUES
('K0005','S0049','ANALOG','BEKAS'),
('K0006','S0049','DIGITAL','BARU')
INSERT INTO KEPERLUAN_PRIBADI(ID_KEPERLUAN_PRIBADI,ID_JENIS_KATEGORI,TIPE_PERHIASAAN,KONDISI) VALUES
('K0007','S0051','KALUNG','BEKAS'),
('K0008','S0051','GELANG','BARU')
INSERT INTO KEPERLUAN_PRIBADI(ID_KEPERLUAN_PRIBADI,ID_JENIS_KATEGORI,TIPE_MAKEUP_PARFUM,KONDISI) VALUES
('K0009','S0052','MAKE UP','BEKAS'),
('K0010','S0052','PARFUM','BARU')
INSERT INTO KEPERLUAN_PRIBADI(ID_KEPERLUAN_PRIBADI,ID_JENIS_KATEGORI,TIPE_PERAWATAN,KONDISI) VALUES
('K0011','S0054','KULIT','BEKAS'),
('K0012','S0054','MATA','BARU')

------------PERLENGKAPAN BAYI & ANAK
INSERT INTO PERLENGKAPAN_BAYI_ANAK(ID_PERLENGKAPAN_BAYI_ANAK,ID_JENIS_KATEGORI,KONDISI) VALUES
('B0001','S0057','BEKAS'),
('B0002','S0057','BARU')

------------PERLENGKAPAN BAYI & ANAK
INSERT INTO KANTOR_INDUSTRI VALUES
('I0001','S0064','ALAT KEAMANAN','BARU'),
('I0002','S0064','MESIN KASIR','BEKAS')


Select * from MOBIL
Select * from PROPERTI
Select * from MOTOR
Select * from JASA_LOWONGAN_KERJA
Select * from ELEKTRONIK_GADGET
Select * from HOBI_OLAHRAGA
select * from RUMAH_TANGGA
Select * from KEPERLUAN_PRIBADI
Select * from PERLENGKAPAN_BAYI_ANAK
Select * from KANTOR_INDUSTRI

UPDATE HOBI_OLAHRAGA
SET KONDISI = NULL
WHERE ID_HOBI_OLAHRAGA = 'H0011';